/*
SQLyog Ultimate v11.11 (64 bit)
MySQL - 5.5.5-10.4.11-MariaDB : Database - restapi
*********************************************************************
*/

/*!40101 SET NAMES utf8 */;

/*!40101 SET SQL_MODE=''*/;

/*!40014 SET @OLD_UNIQUE_CHECKS=@@UNIQUE_CHECKS, UNIQUE_CHECKS=0 */;
/*!40014 SET @OLD_FOREIGN_KEY_CHECKS=@@FOREIGN_KEY_CHECKS, FOREIGN_KEY_CHECKS=0 */;
/*!40101 SET @OLD_SQL_MODE=@@SQL_MODE, SQL_MODE='NO_AUTO_VALUE_ON_ZERO' */;
/*!40111 SET @OLD_SQL_NOTES=@@SQL_NOTES, SQL_NOTES=0 */;
CREATE DATABASE /*!32312 IF NOT EXISTS*/`restapi` /*!40100 DEFAULT CHARACTER SET utf8 */;

USE `restapi`;

/*Table structure for table `migrations` */

DROP TABLE IF EXISTS `migrations`;

CREATE TABLE `migrations` (
  `id` int(10) unsigned NOT NULL AUTO_INCREMENT,
  `migration` varchar(191) COLLATE utf8mb4_unicode_ci NOT NULL,
  `batch` int(11) NOT NULL,
  PRIMARY KEY (`id`)
) ENGINE=InnoDB AUTO_INCREMENT=9 DEFAULT CHARSET=utf8mb4 COLLATE=utf8mb4_unicode_ci;

/*Data for the table `migrations` */

insert  into `migrations`(`id`,`migration`,`batch`) values (1,'2014_10_12_000000_create_users_table',1),(2,'2014_10_12_100000_create_password_resets_table',1),(3,'2016_06_01_000001_create_oauth_auth_codes_table',1),(4,'2016_06_01_000002_create_oauth_access_tokens_table',1),(5,'2016_06_01_000003_create_oauth_refresh_tokens_table',1),(6,'2016_06_01_000004_create_oauth_clients_table',1),(7,'2016_06_01_000005_create_oauth_personal_access_clients_table',1),(8,'2019_09_01_134755_create_permission_tables',1);

/*Table structure for table `model_has_permissions` */

DROP TABLE IF EXISTS `model_has_permissions`;

CREATE TABLE `model_has_permissions` (
  `permission_id` int(10) unsigned NOT NULL,
  `model_type` varchar(191) COLLATE utf8mb4_unicode_ci NOT NULL,
  `model_id` bigint(20) unsigned NOT NULL,
  PRIMARY KEY (`permission_id`,`model_id`,`model_type`),
  KEY `model_has_permissions_model_id_model_type_index` (`model_id`,`model_type`),
  CONSTRAINT `model_has_permissions_permission_id_foreign` FOREIGN KEY (`permission_id`) REFERENCES `permissions` (`id`) ON DELETE CASCADE
) ENGINE=InnoDB DEFAULT CHARSET=utf8mb4 COLLATE=utf8mb4_unicode_ci;

/*Data for the table `model_has_permissions` */

/*Table structure for table `model_has_roles` */

DROP TABLE IF EXISTS `model_has_roles`;

CREATE TABLE `model_has_roles` (
  `role_id` int(10) unsigned NOT NULL,
  `model_type` varchar(191) COLLATE utf8mb4_unicode_ci NOT NULL,
  `model_id` bigint(20) unsigned NOT NULL,
  PRIMARY KEY (`role_id`,`model_id`,`model_type`),
  KEY `model_has_roles_model_id_model_type_index` (`model_id`,`model_type`),
  CONSTRAINT `model_has_roles_role_id_foreign` FOREIGN KEY (`role_id`) REFERENCES `roles` (`id`) ON DELETE CASCADE
) ENGINE=InnoDB DEFAULT CHARSET=utf8mb4 COLLATE=utf8mb4_unicode_ci;

/*Data for the table `model_has_roles` */

insert  into `model_has_roles`(`role_id`,`model_type`,`model_id`) values (1,'App\\User',1),(2,'App\\User',2),(2,'App\\User',3),(2,'App\\User',4),(2,'App\\User',5),(2,'App\\User',6),(2,'App\\User',7),(2,'App\\User',8),(2,'App\\User',9),(2,'App\\User',10);

/*Table structure for table `oauth_access_tokens` */

DROP TABLE IF EXISTS `oauth_access_tokens`;

CREATE TABLE `oauth_access_tokens` (
  `id` varchar(100) COLLATE utf8mb4_unicode_ci NOT NULL,
  `user_id` bigint(20) DEFAULT NULL,
  `client_id` int(10) unsigned NOT NULL,
  `name` varchar(191) COLLATE utf8mb4_unicode_ci DEFAULT NULL,
  `scopes` text COLLATE utf8mb4_unicode_ci DEFAULT NULL,
  `revoked` tinyint(1) NOT NULL,
  `created_at` timestamp NULL DEFAULT NULL,
  `updated_at` timestamp NULL DEFAULT NULL,
  `expires_at` datetime DEFAULT NULL,
  PRIMARY KEY (`id`),
  KEY `oauth_access_tokens_user_id_index` (`user_id`)
) ENGINE=InnoDB DEFAULT CHARSET=utf8mb4 COLLATE=utf8mb4_unicode_ci;

/*Data for the table `oauth_access_tokens` */

insert  into `oauth_access_tokens`(`id`,`user_id`,`client_id`,`name`,`scopes`,`revoked`,`created_at`,`updated_at`,`expires_at`) values ('017114bb3f9dcaba2cb0d0067cb850b3bfd3c211351b4c5ea89d6998110407a175a819800e9abb54',1,1,'RestApi','[]',0,'2020-03-21 22:47:29','2020-03-21 22:47:29','2021-03-21 22:47:29'),('02d19f8c337f53b0fb4ab59efbce9590438531b76dea2b27c2666aae651010ab5218865362ffb968',1,1,'RestApi','[]',0,'2020-03-08 10:52:16','2020-03-08 10:52:16','2021-03-08 10:52:16'),('04fd15eb5e5af264aa498430e9dce5fd1a69041e8cfed1f1c5a9d3e5ac5cfc72d3fa1aec069b7d6f',1,1,'RestApi','[]',0,'2020-03-21 09:29:27','2020-03-21 09:29:27','2021-03-21 09:29:27'),('06e27373870719ed3e383b6f4a7e15f5c8ce8c2c76a2379af1aff5603d409b0ee87be1cbeb20f495',1,1,'RestApi','[]',0,'2020-03-15 17:46:49','2020-03-15 17:46:49','2021-03-15 17:46:49'),('0726d748c1a61a590b54be8fcbd951f616a6d072f97bf9802e409786b49ec62e6f75cc985ef26689',12,1,'RestApi','[]',0,'2020-04-12 20:09:06','2020-04-12 20:09:06','2021-04-12 20:09:06'),('0971095d8b4c543d84c8b5d6d17f87d075c2f3a4347d1c7b58a15e009560930ddf629bda233dc822',1,1,'RestApi','[]',0,'2020-03-21 23:56:35','2020-03-21 23:56:35','2021-03-21 23:56:35'),('0ee275fc066c8e1485ee285e7785e3035bd3a3ff1aa05d5bc8f8b3a59a4a39eb74bb7944170868ea',1,1,'RestApi','[]',0,'2020-02-22 15:17:19','2020-02-22 15:17:19','2021-02-22 15:17:19'),('0f7e8655c8ac54c67b6ea76bdb58d5c42ec9b1c7ba211f6fa7ee42ee710eb8b426ff39b1e4017199',1,1,'RestApi','[]',0,'2020-03-22 09:16:44','2020-03-22 09:16:44','2021-03-22 09:16:44'),('10d8d02b36d472e5672955b1c68e0e9d9e34619023c83daaf7eb0d6baa56abdc6b403381a84fe2e3',1,1,'RestApi','[]',0,'2020-04-12 06:30:28','2020-04-12 06:30:28','2021-04-12 06:30:28'),('1128de519884f373d65698ab462b06c7633b58a5bd80ab4966eb79731e9c9a31685cb82736485163',1,1,'RestApi','[]',0,'2020-03-08 11:16:59','2020-03-08 11:16:59','2021-03-08 11:16:59'),('11a36d495f67b7d84db722660216968f20de7c721c9f1c28e01b7197e731bdfaea53f382a44a3ec0',1,1,'RestApi','[]',0,'2020-03-21 14:47:34','2020-03-21 14:47:34','2021-03-21 14:47:34'),('131e28f4cce0fc8ec3629901a1a42f0f1fb5f0e9758d83f1224d45e6358a7943fcd37712552a0525',1,1,'RestApi','[]',0,'2020-03-08 13:53:43','2020-03-08 13:53:43','2021-03-08 13:53:43'),('1418e2bdb620e109e148fdbb2f31ffd6d2a8860afdc5cde7a226c216ed848d4acce13d8b75ed4173',1,1,'RestApi','[]',0,'2020-04-12 17:29:51','2020-04-12 17:29:51','2021-04-12 17:29:51'),('1427b3752be9114804748c9138dc703b31a2be43bd521440d94725c8ae1b6a717ba30847bbdefa08',1,1,'RestApi','[]',0,'2020-03-21 22:14:57','2020-03-21 22:14:57','2021-03-21 22:14:57'),('14c35d043b4b50d9ca828b62abd8906c53d88409c8dbb8ba46f0316349e5e48cce79bf280f12d44e',1,1,'RestApi','[]',0,'2020-03-08 10:48:40','2020-03-08 10:48:40','2021-03-08 10:48:40'),('1732761fb0e32700d2762e18cb34cafac984ee1514bfc9054db06d715c36a329d1d2a3d07ed9c006',1,1,'RestApi','[]',0,'2020-03-21 23:29:53','2020-03-21 23:29:53','2021-03-21 23:29:53'),('187081ed388ae97c3c22eabc7fe721d92d29e99c0be3e7f6682f36962092b84e34da27be5716cd58',1,1,'RestApi','[]',0,'2020-03-22 00:00:13','2020-03-22 00:00:13','2021-03-22 00:00:13'),('1967c0f8836008e873a7ac69e1725070b6fd96e91f72999cf2ad019017a9bc11044755f01f08a1be',18,1,'RestApi','[]',0,'2020-04-18 04:45:17','2020-04-18 04:45:17','2021-04-18 04:45:17'),('1cfaedcf691298d91915c52544e32acfa69f5d12107591cbd2f9c5346d97bdf33a6eb954ff4f59eb',1,1,'RestApi','[]',0,'2020-03-08 11:16:39','2020-03-08 11:16:39','2021-03-08 11:16:39'),('1d1c4544fbf023db28448eec8d42cad2ef6ef31471f1e861a42d7662637e6683ed3a650cab245cf9',1,1,'RestApi','[]',0,'2020-03-21 15:55:59','2020-03-21 15:55:59','2021-03-21 15:55:59'),('1e4f7f30fbd0824cedd0db8497bd7c098e9a835c0328ca06242f4610d4524887869941c99b75e1f2',1,1,'RestApi','[]',0,'2020-03-08 13:39:45','2020-03-08 13:39:45','2021-03-08 13:39:45'),('21f3ec6766858238caf329b3b3ac8ee3e7bc6a4dbee42166d3984a25963ff1ab48a3a40e81aa233e',1,1,'RestApi','[]',0,'2020-03-21 09:32:09','2020-03-21 09:32:09','2021-03-21 09:32:09'),('232d9bff41578e7eb5a3a18372350ac8bf4acf063d26ece5c5b5b00b7e5a436394fa73058613e0b5',1,1,'RestApi','[]',0,'2020-03-21 15:17:48','2020-03-21 15:17:48','2021-03-21 15:17:48'),('2aa7fc533e94d336ae75d7ba6a7f4a2a084c8a9733e0d56efff66ae6dc57e1cdef9172569e3f0dc6',1,1,'RestApi','[]',0,'2020-03-21 14:51:09','2020-03-21 14:51:09','2021-03-21 14:51:09'),('2ae239e0856aa56dd26f1d8bee358a1d7b9ab1ea90cbfb21f1595c03f69abbaecaf0ced7c292c572',1,1,'RestApi','[]',0,'2020-03-21 21:44:58','2020-03-21 21:44:58','2021-03-21 21:44:58'),('2b98f333e79602ac52baaa7ee6fd7f5aebd3b75af4f296907574141873e4b4563c99a56c49f1c848',1,1,'RestApi','[]',0,'2020-03-21 13:48:28','2020-03-21 13:48:28','2021-03-21 13:48:28'),('2c639698fea5664c6fb8cbfee241cd3e7d8fa193d95a1dc596f3b8631a908ff5f14c8589372dd08f',1,1,'RestApi','[]',0,'2020-03-21 09:07:31','2020-03-21 09:07:31','2021-03-21 09:07:31'),('2d3cee043d4ccf64f21535b9d5e46121be920c5725dccd5124c4035abbb3939760c6814377e48368',1,1,'RestApi','[]',0,'2020-04-12 14:16:58','2020-04-12 14:16:58','2021-04-12 14:16:58'),('3164b3e7cdc4301ffdd42276f575862df04f07a1336e8f4de838bd35acdf25b2e6d210024a7ecdf2',1,1,'RestApi','[]',0,'2020-03-21 16:25:10','2020-03-21 16:25:10','2021-03-21 16:25:10'),('3220b1b36bbace0e1b7a3c47ea079b54ef184e5e74b4f547a39d93c1f48ae4f76d092e5d9d9a9117',1,1,'RestApi','[]',0,'2020-03-21 21:19:47','2020-03-21 21:19:47','2021-03-21 21:19:47'),('334155ca20263b9356aeff26c1125a05547f85f58bfb806034a729ce9444ca97e809d99a8cc0ba67',1,1,'RestApi','[]',0,'2020-03-21 05:42:48','2020-03-21 05:42:48','2021-03-21 05:42:48'),('3355c6c06005eb831076cec15bcb611f4f45f9e57345d10383b365bf9def8399a663ac3df7cc68d5',1,1,'RestApi','[]',0,'2020-03-21 14:05:26','2020-03-21 14:05:26','2021-03-21 14:05:26'),('3414dc3a56073f77578afa80cde4bb40f5c8c4817e287c81f5f7c5cec1a951942499bda8013a8d83',1,1,'RestApi','[]',0,'2020-03-21 22:33:22','2020-03-21 22:33:22','2021-03-21 22:33:22'),('3422ac5a4e459e67049fbda09008fa08b80869d153056b09fc4274c104be1e0be3e6ded6bd560eec',1,1,'RestApi','[]',0,'2020-04-06 04:42:31','2020-04-06 04:42:31','2021-04-06 04:42:31'),('3460943c30e90cdaa38bba5ea9156199e9e97b98936397e4a378615b2995785a5880223e51f3db7b',1,1,'RestApi','[]',0,'2020-03-21 09:54:57','2020-03-21 09:54:57','2021-03-21 09:54:57'),('36293d78b1dcfc896f780e77f02b05256f0b85506863e4b9ed1b6c6ac90da395a685bf086f7b4f7a',1,1,'RestApi','[]',0,'2020-03-21 23:42:45','2020-03-21 23:42:45','2021-03-21 23:42:45'),('370791de27e4974ace079b7f572cc8a1dd8a8fa7eda10085dd5ef51344f2a9aaae1368e7d7329697',1,1,'RestApi','[]',0,'2020-03-22 00:03:09','2020-03-22 00:03:09','2021-03-22 00:03:09'),('3742d01e707ec1122c66f96217689728fa7f391b7f7be20a35a3e9047325676c8be2a809cdd906dd',1,1,'RestApi','[]',0,'2020-03-21 08:25:44','2020-03-21 08:25:44','2021-03-21 08:25:44'),('3962d23383722ac650a92cf5850e9535bcb7b81ee57a6f9fec6371cb592caa14b1356412117f7737',1,1,'RestApi','[]',0,'2020-03-21 23:04:53','2020-03-21 23:04:53','2021-03-21 23:04:53'),('397ba9fefbfb375539bd2b6c2aa5b37859e439afd090a5893bf7444705500b21f6a26565954413dc',1,1,'RestApi','[]',0,'2020-03-21 15:42:30','2020-03-21 15:42:30','2021-03-21 15:42:30'),('3a4e178b210d5c875b96bd684a88b1c86a700619448c89fd9af5c272c7e4c86c10e39fe8a2572c15',1,1,'RestApi','[]',0,'2020-04-12 06:25:43','2020-04-12 06:25:43','2021-04-12 06:25:43'),('3abce87a2f119d5539eb596dde9c64fe539aed5fb01ee7bd4964e673a91787b801cea8692243245d',1,1,'RestApi','[]',0,'2020-03-21 14:18:08','2020-03-21 14:18:08','2021-03-21 14:18:08'),('3aeb57e9752cab00b7386bfbed309e03bb45ffd551e87a65dbfcc7d717949ae0c788853024ada93e',1,1,'RestApi','[]',0,'2020-03-21 23:06:32','2020-03-21 23:06:32','2021-03-21 23:06:32'),('3b46bc74646f98a660f0b3c9e23797b17a6957a71bf9de2cb8265b90d619a661e78f40edd2bdd3f4',1,1,'RestApi','[]',0,'2020-03-21 09:21:06','2020-03-21 09:21:06','2021-03-21 09:21:06'),('3e170be83531e42376ee78f4ffd59f0a0c2bc62a022508d279cd189bb855a32321aa9791425a8452',1,1,'RestApi','[]',0,'2020-04-05 07:09:28','2020-04-05 07:09:28','2021-04-05 07:09:28'),('3e5f8c1c64ea304a9e7f3fc442e209a0e7ae88a3e108045545eab07563c3b60cb205dc9b53753660',1,1,'RestApi','[]',0,'2020-03-21 21:38:17','2020-03-21 21:38:17','2021-03-21 21:38:17'),('3e664fdec820071c4571a0f8172e163072de764e0325168cdea968f15529696dd8f1227753eeb53b',1,1,'RestApi','[]',0,'2020-03-21 22:04:57','2020-03-21 22:04:57','2021-03-21 22:04:57'),('3f703f5f07e346d6059e844c9ccfff2cf0fb992d5a94b057b77c5406a5b76875a0b80a98b66766a0',1,1,'RestApi','[]',0,'2020-04-12 12:19:03','2020-04-12 12:19:03','2021-04-12 12:19:03'),('3fdb7e3c293a010015eae7946201866893b53ff27b7435a73a8b1372c8315bd3d14932099614abdc',1,1,'RestApi','[]',0,'2020-03-21 21:56:58','2020-03-21 21:56:58','2021-03-21 21:56:58'),('40c54c9963ae8666f27ea49f68b99f83328ff61935bbe3b3d9d3a2130a3f3e8ab641d4c6a903915e',1,1,'RestApi','[]',0,'2020-03-21 16:15:52','2020-03-21 16:15:52','2021-03-21 16:15:52'),('40e12e6972a6f4f2f5f4d5cd83f0a55b1d39ade5277c00c6b858477e777df4b5f0158ca9c5882387',1,1,'RestApi','[]',0,'2020-03-08 13:49:06','2020-03-08 13:49:06','2021-03-08 13:49:06'),('41a9b29818c76d3869037f20cc0cfdb02d7519a8004b4da1eff6bd402598f702fe3010429305231a',1,1,'RestApi','[]',0,'2020-03-08 11:22:30','2020-03-08 11:22:30','2021-03-08 11:22:30'),('4224483a4b0a3989afde44924e55dc4e34d7627df4b56878bcdab1ae93783d957d6b33afed267e9c',20,1,'RestApi','[]',0,'2020-04-18 05:05:29','2020-04-18 05:05:29','2021-04-18 05:05:29'),('443f939460ae43460d6e4ea0fa216bc841b8a267bd3166a06fd5d8f138ab2bd122ed8a4914825a8d',1,1,'RestApi','[]',0,'2020-03-08 14:17:57','2020-03-08 14:17:57','2021-03-08 14:17:57'),('45caee2d0b69271b815422a9e389f709720c10d694077d2fdf13c981f37a9f1e043dbe1b5f8e55e7',1,1,'RestApi','[]',0,'2020-03-21 23:21:08','2020-03-21 23:21:08','2021-03-21 23:21:08'),('465a8a37b4456b4446e15e86aece786259fadd6eb9f587d1d2b9af133f4e6002e3b9fa384ca4600f',1,1,'RestApi','[]',0,'2020-04-12 14:14:00','2020-04-12 14:14:00','2021-04-12 14:14:00'),('46cc7260ddf9ff526ae4ce816b21ceb6adc0137b0355ed90232839306c99b964fa5e06ace95b2baa',1,1,'RestApi','[]',0,'2020-03-21 14:59:52','2020-03-21 14:59:52','2021-03-21 14:59:52'),('472c2b9c95e9c110d02dfcaf676e05c312663ada16e964089d5a670934c304477af6207341811488',1,1,'RestApi','[]',0,'2020-03-21 05:42:53','2020-03-21 05:42:53','2021-03-21 05:42:53'),('4ded49cb8227616a59527b50e7c30c95b1e561dfa992322f6010f63a43e02e30e2f0413c631327e5',1,1,'RestApi','[]',0,'2020-03-08 09:38:57','2020-03-08 09:38:57','2021-03-08 09:38:57'),('4e8a759f7d4e7c9dce405f315dfe6823603887c2ffe89ae4ba59dd23c93edf0166fd7eaca30fe878',1,1,'RestApi','[]',0,'2020-03-21 14:34:22','2020-03-21 14:34:22','2021-03-21 14:34:22'),('4fd69b81a1a7128ed7212161e9efb992e01d799517fab52f8ccdf14f7ae6e255097ea2b7ea19f6bd',1,1,'RestApi','[]',0,'2020-03-21 09:26:08','2020-03-21 09:26:08','2021-03-21 09:26:08'),('522d481e21e2ec72390a5f99e8602171a422a0467284db4764def0fedbb42864c1282600a60f641b',15,1,'RestApi','[]',0,'2020-04-18 03:33:42','2020-04-18 03:33:42','2021-04-18 03:33:42'),('5369be8a63886c62d74ed3134af57a0070dac246b236766d798e194f5648d8def6ab00017a1bc144',1,1,'RestApi','[]',0,'2020-03-21 16:26:22','2020-03-21 16:26:22','2021-03-21 16:26:22'),('54cb676556f07fed940e32e721b5eb1a69715728db750caad8dcaf6927b91c909bd4eb2819e50fd0',1,1,'RestApi','[]',0,'2020-03-21 14:05:27','2020-03-21 14:05:27','2021-03-21 14:05:27'),('55868d6eda6edeb88d802483159865b792fadad4cbb70ae80d84e4f67496b7346f3c7dd6744585bd',1,1,'RestApi','[]',0,'2020-03-08 11:21:08','2020-03-08 11:21:08','2021-03-08 11:21:08'),('55c3ffa7518a1c4ba86bd346986ad484f8d1d3535266fffd2ce39ab931e93e1a7c1ffb181dac8b35',1,1,'RestApi','[]',0,'2020-03-21 05:45:03','2020-03-21 05:45:03','2021-03-21 05:45:03'),('57e31235f838cb67508f8fabc68a88810e138389629343bac566fb1de0b7634daa10036afb93e2b5',1,1,'RestApi','[]',0,'2020-03-21 08:01:48','2020-03-21 08:01:48','2021-03-21 08:01:48'),('59b30b7c676cf707707928d241a8df3cb6fedd73cf3e9fbdd77f033fb0af5b81bb6299b101a45c46',1,1,'RestApi','[]',0,'2020-03-22 07:33:37','2020-03-22 07:33:37','2021-03-22 07:33:37'),('5a1c98994f06e5b91a0ebcf219f3bbb4e6b9856beb4d925d9c189030ba80c8041236c5e44c5e836b',1,1,'RestApi','[]',0,'2020-03-21 08:20:24','2020-03-21 08:20:24','2021-03-21 08:20:24'),('5ab169856e0f96f1c3bbb50b2aac8caf8acea114780225099835806dfd53022f5d36d323fc36ecb6',1,1,'RestApi','[]',0,'2020-03-08 15:45:22','2020-03-08 15:45:22','2021-03-08 15:45:22'),('5daef1d6134759b3316fd8dc39fb445c9f2e2ff1d24d38fc6404aa13b1776178b8cae002432b6462',1,1,'RestApi','[]',0,'2020-03-08 10:49:52','2020-03-08 10:49:52','2021-03-08 10:49:52'),('5f44de06a6263fa7b16ea93ab6adcc9bb3bdd075f18440834d31abc8b64a7f5b884f46c65db5a696',22,1,'RestApi','[]',0,'2020-04-18 05:24:52','2020-04-18 05:24:52','2021-04-18 05:24:52'),('62073d61231506726842d297768b29cd720c4e2ef93361d43f47bbc30a2f60549d22f8d66950f7f8',1,1,'RestApi','[]',0,'2020-03-21 15:46:10','2020-03-21 15:46:10','2021-03-21 15:46:10'),('630d91353664dbcefad22bad613d84b8ef359d88903cc2143fb4495e97c6c68be4d20af9f706708c',1,1,'RestApi','[]',0,'2020-04-12 13:54:56','2020-04-12 13:54:56','2021-04-12 13:54:56'),('635201836497021b6452a8fe267f24337b3289184a35aceeec9a392545435cc73e0a64922174b8fa',1,1,'RestApi','[]',0,'2020-03-22 00:04:59','2020-03-22 00:04:59','2021-03-22 00:04:59'),('63b56efccf588d3dfc29a078768302e52687bdd7ef6a9257c58ec0c48bc91be64bdf42563f0dadd0',1,1,'RestApi','[]',0,'2020-03-21 16:13:11','2020-03-21 16:13:11','2021-03-21 16:13:11'),('63d2fb6348df206ea569f6e2f4bd54a7272cfbc574fcf9ba2f30636a0895d16f9f0b3d78d8567060',1,1,'RestApi','[]',0,'2020-04-12 14:29:29','2020-04-12 14:29:29','2021-04-12 14:29:29'),('6418bba4a2c80f541a3d11e904e37f3b92c5e7c5a528407b85143bd8f8218a0a5617cd1cf8c7d16e',1,1,'RestApi','[]',0,'2020-03-21 22:37:04','2020-03-21 22:37:04','2021-03-21 22:37:04'),('64b8723c10011ff2c722202fa3ac92848ffac4a053c8598a5ff34d1b9835d1bfee05f47a8ad0e743',1,1,'RestApi','[]',0,'2020-03-21 05:42:43','2020-03-21 05:42:43','2021-03-21 05:42:43'),('65b7db000a2fbe7bc38224ca2d5cc862aea943c6a012bfd92ecc171cf79e7ddbab44a7b1612fc5f0',1,1,'RestApi','[]',0,'2020-03-08 14:02:42','2020-03-08 14:02:42','2021-03-08 14:02:42'),('6616bc85c4b407844448b16d036b4a62fd9b2fc82e009bba8f5c518d3ed500d49682e848dcb22f51',1,1,'RestApi','[]',0,'2020-03-08 15:56:34','2020-03-08 15:56:34','2021-03-08 15:56:34'),('663db1c823c6903e214720e9a4bf12cccb2143286d21c0a9aceb96484b7b3547cd5e82725e47a61e',1,1,'RestApi','[]',0,'2020-03-08 12:09:38','2020-03-08 12:09:38','2021-03-08 12:09:38'),('66fc6fbf8a2574038a9ce8bfb4c3dd3ee4b4c3aabdd97fe2990d483cca4e16071b344fc528618449',1,1,'RestApi','[]',0,'2020-03-08 11:22:14','2020-03-08 11:22:14','2021-03-08 11:22:14'),('6974030379679495ad136f3158d6af9747d7f5838bd2aa7536c9cbf3a0601c0d87b9b24b0aba2732',1,1,'RestApi','[]',0,'2020-03-08 14:20:51','2020-03-08 14:20:51','2021-03-08 14:20:51'),('6b35a5babda667cc8abd0a7f410a0f01cc6bf051996063f84302f06e4abb9853d70453eb0e96d4fa',1,1,'RestApi','[]',0,'2020-03-21 05:24:54','2020-03-21 05:24:54','2021-03-21 05:24:54'),('6b49cfca67738718c414d5d6f03f2262a011aa836467416d1163407a3cb9c4cde866a6b1b6a46fc8',1,1,'RestApi','[]',0,'2020-03-08 12:49:46','2020-03-08 12:49:46','2021-03-08 12:49:46'),('6c5de63442b1e4d2c1503e2169e3315ecd5d453b60e1305e69dee9834c95c043066be462a8f1d040',1,1,'RestApi','[]',0,'2020-03-21 14:02:03','2020-03-21 14:02:03','2021-03-21 14:02:03'),('6d0cba9b69dfdcf79ffc03658dbf2743e08af3e947d798bc6c845c33a928d2768e227ad67751e8f0',1,1,'RestApi','[]',0,'2020-03-21 05:24:54','2020-03-21 05:24:54','2021-03-21 05:24:54'),('6d7f3bc6e02d676f521c5b742c5e7d377cc13b7dcb7882b97278ff3701541f0a60d9241d1ebece35',1,1,'RestApi','[]',0,'2020-03-21 15:13:35','2020-03-21 15:13:35','2021-03-21 15:13:35'),('6e2b590a542df4393f75bee79b594349e711efaf2f87bff12f500dd917f5ace69296b25b27d174aa',1,1,'RestApi','[]',0,'2020-03-08 13:44:33','2020-03-08 13:44:33','2021-03-08 13:44:33'),('6efe60ac71c3a733a691bd6d9a096437f30b60bed7f988dbd3976a72d13a645898f2286695674c34',1,1,'RestApi','[]',0,'2020-03-21 21:04:33','2020-03-21 21:04:33','2021-03-21 21:04:33'),('6f348d191f8226909fc668ab58e3c4599150630fa89241ce39d1b366e5ac8ae05477d07f6d2ce389',1,1,'RestApi','[]',0,'2020-03-21 23:33:34','2020-03-21 23:33:34','2021-03-21 23:33:34'),('6f7189c3364417f6dd917e13ce3a1bceb8fad72a966cefcbb19ef3bc7a79884ff07785f600c21a8c',1,1,'RestApi','[]',0,'2020-03-08 02:17:33','2020-03-08 02:17:33','2021-03-08 02:17:33'),('74e86064c316d1c73b666176a338840ce201d54591deba7c1fff1f2e2eb0d8dd99600335ae01901b',1,1,'RestApi','[]',0,'2020-03-08 12:46:38','2020-03-08 12:46:38','2021-03-08 12:46:38'),('763c0cddb235d6c483ceec10edc0527301b55adf3255cc1e5c78cddf38d268516cc302b628395619',1,1,'RestApi','[]',0,'2020-03-21 23:51:49','2020-03-21 23:51:49','2021-03-21 23:51:49'),('764e72ae6e304807b192ea68b401e1fd6a9c5222a00f7255b981ebd10190b203cb04a1c7c77419e1',1,1,'RestApi','[]',0,'2020-03-08 17:02:30','2020-03-08 17:02:30','2021-03-08 17:02:30'),('774a8fbc022545517b9aad83261bcf4f2fc786716850d9f5d82f137e3a4eb1bfe83a5e6ba78d1912',1,1,'RestApi','[]',0,'2020-03-21 23:28:27','2020-03-21 23:28:27','2021-03-21 23:28:27'),('7880eb0b743ed8feb3bf28b8fe93db1d0c037573e7b878f8272c5646b07fea01b341097b7065b863',1,1,'RestApi','[]',0,'2020-03-22 09:03:34','2020-03-22 09:03:34','2021-03-22 09:03:34'),('78f8c5a484c1cebf24042d0f2bbce1159dc640ad89d71ce695924d81baf0721663f6371079e50c1f',1,1,'RestApi','[]',0,'2020-03-08 12:17:19','2020-03-08 12:17:19','2021-03-08 12:17:19'),('7abf9c4364fd288a4ac2b16b2a7a3a150ac8b16d7efa67333f243ca1e529d3a2f91175e6022904bb',1,1,'RestApi','[]',0,'2020-03-08 11:24:24','2020-03-08 11:24:24','2021-03-08 11:24:24'),('7bf192577f2421d0e75967578af8e34315bef26cdf4cc8beba2a258827124e4d69ed003b29168654',1,1,'RestApi','[]',0,'2020-04-12 14:28:44','2020-04-12 14:28:44','2021-04-12 14:28:44'),('7c6e9306b07650deeb37cebe2cd3f505f2cac8c7c4c34295c111c3c308255aebdfdf9cad1bd16d9e',1,1,'RestApi','[]',0,'2020-04-12 17:36:35','2020-04-12 17:36:35','2021-04-12 17:36:35'),('7d66ae113e65f6fdc8dd5826f9f53e39d11add8e55942b4a78b0749ec4909784a1c5f22f6233aa62',1,1,'RestApi','[]',0,'2020-04-12 14:29:01','2020-04-12 14:29:01','2021-04-12 14:29:01'),('7eeebac11a9612a7891e4ced0b5c6286339894883d3175c4c74c02cb7b153b02781629c2f3bd0f10',1,1,'RestApi','[]',0,'2020-03-21 15:47:29','2020-03-21 15:47:29','2021-03-21 15:47:29'),('806dff8accf0ab6cf6015e7e9e181a9b7e21e7df4298c603db331a730cd6fc82d951c7e8a32c068b',1,1,'RestApi','[]',0,'2020-03-21 20:56:28','2020-03-21 20:56:28','2021-03-21 20:56:28'),('8277432521286db0672ac8055ff28a69ac077ba35d080e6bff2f4c70566f6fedaf1456d2bb42e26e',1,1,'RestApi','[]',0,'2020-04-12 14:31:12','2020-04-12 14:31:12','2021-04-12 14:31:12'),('82cffd9e5f7821d4ccf310a6629598ab9b19fd3ee0e6d9a656c89e32022c52488aaf1f0ae5725ec7',1,1,'RestApi','[]',0,'2020-03-21 09:27:24','2020-03-21 09:27:24','2021-03-21 09:27:24'),('84da92bd7631619b69b905490ad13da43232541ed933322cc6d5344d7dff46f7d1fe18224b754976',1,1,'RestApi','[]',0,'2020-03-21 06:20:02','2020-03-21 06:20:02','2021-03-21 06:20:02'),('84fcc6001cd467a36a1bd11608660588560d32b37d9f248d16275ec49ea42b739f8b2abdd984978f',1,1,'RestApi','[]',0,'2020-03-21 23:39:01','2020-03-21 23:39:01','2021-03-21 23:39:01'),('859a6f1eff9a615dca894bd2b374a62c8f0a44daf4a429474bb0987429ef8e1ddf32c7579b20c314',1,1,'RestApi','[]',0,'2020-03-21 22:10:02','2020-03-21 22:10:02','2021-03-21 22:10:02'),('8846c734dfcbf9e24eed48edc7474c940e6457a43440d55a3a23073c970a7b1738de4cb304d7dc6a',1,1,'RestApi','[]',0,'2020-03-08 11:25:14','2020-03-08 11:25:14','2021-03-08 11:25:14'),('8873a9eca400277b28edaabbd830982029fdac6463933e82f76967e23ce3a879c041909bca2b8ee0',1,1,'RestApi','[]',0,'2020-04-12 12:18:26','2020-04-12 12:18:26','2021-04-12 12:18:26'),('899e43d4fd8d10293a0442c8ba1bf4072b70f9d3c639a6a930febcffab870623739e78c5d68fe164',1,1,'RestApi','[]',0,'2020-03-21 08:47:50','2020-03-21 08:47:50','2021-03-21 08:47:50'),('8c52ad9f9f8292f5c6c3c93a854957ac3583b282de268fbc66a00bab3fb2160b0c8772ec46886857',1,1,'RestApi','[]',0,'2020-04-12 06:16:17','2020-04-12 06:16:17','2021-04-12 06:16:17'),('8cb9b89a7d84fb13c29f883b4b122aad815b6b13b806bd8600a1dfb8983d42cfd7ddee3b06017ab7',1,1,'RestApi','[]',0,'2020-03-21 23:02:49','2020-03-21 23:02:49','2021-03-21 23:02:49'),('8f3e9716a6a8689d083c0f71f345cce54c10fe334649e38dba62b63bdec92825bdc1c3873c628fc2',1,1,'RestApi','[]',0,'2020-03-21 15:49:28','2020-03-21 15:49:28','2021-03-21 15:49:28'),('91fb70b70964ec12587c90590961531bc2965a016835bd9cce4165fa3cc5bb3ef6b5a1ea1784ab66',1,1,'RestApi','[]',0,'2020-03-21 21:29:10','2020-03-21 21:29:10','2021-03-21 21:29:10'),('942006f577da9d34e7da4e72312c668fb117bf7f44125d8d52c4baefb26ce3f7bf5da5bd7539c98e',1,1,'RestApi','[]',0,'2020-03-08 14:17:21','2020-03-08 14:17:21','2021-03-08 14:17:21'),('95aefb0a984d5c7d3d8949818c5c1b5c1106f3831e2ede51b59f74c5e89515bd5d8c5588f407b15a',1,1,'RestApi','[]',0,'2020-03-08 11:15:37','2020-03-08 11:15:37','2021-03-08 11:15:37'),('966588ed0ec32938a5a2f02a9c82bc7b12dc8a8e67ac114d7bf2452351060173158b9e1d12027678',1,1,'RestApi','[]',0,'2020-04-05 07:09:28','2020-04-05 07:09:28','2021-04-05 07:09:28'),('96cbb5eed5d7b16eaf01f2a50c8eb92f15069baa7593cf4ba2d80b858b3cbe9e9f1890efe6e24bca',1,1,'RestApi','[]',0,'2020-04-12 17:29:26','2020-04-12 17:29:26','2021-04-12 17:29:26'),('97a812dcbed029d0572cd68842c4d7cad50234911a2683ced24705ba714793ed3a09e90e2d44ef0b',1,1,'RestApi','[]',0,'2020-03-08 12:04:14','2020-03-08 12:04:14','2021-03-08 12:04:14'),('97ced4618929d24a175edd81aeee11f966dcd038722a594b29c6fd13d1834bf2becc1f5815fb9e0f',1,1,'RestApi','[]',0,'2020-03-08 15:51:42','2020-03-08 15:51:42','2021-03-08 15:51:42'),('982b0214df6a1c87459b6a8e7fae2ed5e53b28499308d5c43a2103b6592d5a6cbec2e455053ca939',16,1,'RestApi','[]',0,'2020-04-18 03:35:12','2020-04-18 03:35:12','2021-04-18 03:35:12'),('986705f3365cf6a69ce2fbde0ff9ba7dc7cd72e85df88466e153798da55bd2b12222b34c8bf816c7',1,1,'RestApi','[]',0,'2020-03-21 21:15:24','2020-03-21 21:15:24','2021-03-21 21:15:24'),('98692c95054cdee71d13a01a80398dfedd0e83e57bdcd3b715962131f939d9d3e124dff75340e895',1,1,'RestApi','[]',0,'2020-03-21 22:42:43','2020-03-21 22:42:43','2021-03-21 22:42:43'),('98ae36841b15f9a7e5428d36f28d62e70c84721621c863a13d2ea741bd2c7ea03a1c6c6f0c4e2409',1,1,'RestApi','[]',0,'2020-03-08 13:50:58','2020-03-08 13:50:58','2021-03-08 13:50:58'),('9b4a0305e9d9bd57288568f53863584549b6f2ecf88cb273519b091a839d53666a261beac51a15ca',1,1,'RestApi','[]',0,'2020-02-23 07:32:49','2020-02-23 07:32:49','2021-02-23 07:32:49'),('9cc7c3867314726d5ff476d3723dc71c2b78a7bb1562b36ff4d77c50a3242b47420ec57c074d98ca',1,1,'RestApi','[]',0,'2020-03-21 22:04:57','2020-03-21 22:04:57','2021-03-21 22:04:57'),('9f7e70755b01312ff945b138a35aa31cccfec6c4dec3122006be2ccc599429c71a147dddbb1c5249',1,1,'RestApi','[]',0,'2020-03-21 09:10:22','2020-03-21 09:10:22','2021-03-21 09:10:22'),('a0b805f3ccb6f4b6bac8e6cd168a14f99fddc9d45c992b4bd0a5268faffdba5bf66bd78bb4af7cdb',1,1,'RestApi','[]',0,'2020-03-21 23:50:17','2020-03-21 23:50:17','2021-03-21 23:50:17'),('a1b7de52de541351c382f603e6ee059b519fa3480adbcbe2136d7d4aaede836d0d856d4702c3cc74',1,1,'RestApi','[]',0,'2020-03-08 11:58:01','2020-03-08 11:58:01','2021-03-08 11:58:01'),('a3158cdf99bc7a0339022f58a88a96669dd8594c267c377eee5ac2c452f29e5d36a4b5900fad4675',1,1,'RestApi','[]',0,'2020-03-21 22:02:29','2020-03-21 22:02:29','2021-03-21 22:02:29'),('a5819567599bb7f61a15f0cdf74540f04513b957cb10c90fdf81c9bf83a6f7e432b368ec251315d5',1,1,'RestApi','[]',0,'2020-03-21 09:49:16','2020-03-21 09:49:16','2021-03-21 09:49:16'),('a5b713e2d53e82cecb08a6d4e283912a66ca8089eaf08505330d4bf7d7baad45eea422390ff07195',1,1,'RestApi','[]',0,'2020-03-21 15:32:46','2020-03-21 15:32:46','2021-03-21 15:32:46'),('a98542210b01d7f4e6e4147f9ae1591d1a72446fb3a8169973e5103d5982651470293bf07b6224ca',23,1,'RestApi','[]',0,'2020-04-18 09:39:50','2020-04-18 09:39:50','2021-04-18 09:39:50'),('aa7034f10b87d84c8911f1ba3506ff44e3456c968c504140553be0fcf82483fce2e7b502a92b8177',1,1,'RestApi','[]',0,'2020-04-12 14:27:46','2020-04-12 14:27:46','2021-04-12 14:27:46'),('aade5e66e6e3072a72cf0847989df7c3f42a9ef8af76fe4bffbcecb2d71bf8d7771c0860dbd2edbe',1,1,'RestApi','[]',0,'2020-03-08 13:52:12','2020-03-08 13:52:12','2021-03-08 13:52:12'),('ab696fbab3d67105863a6fe53f3f85c550c5925b677f7a9d2d8b1a94c0e853ecd289a5b6c070e4c3',21,1,'RestApi','[]',0,'2020-04-18 05:06:31','2020-04-18 05:06:31','2021-04-18 05:06:31'),('abe9500d008daad42650861c1bb5f991191ec0f934aa9e454bcdf4d45fc636bb65a1f340f89eabfd',1,1,'RestApi','[]',0,'2020-03-08 13:54:33','2020-03-08 13:54:33','2021-03-08 13:54:33'),('ac9d0aa9567bc01d86654799a4fd6e3e08c60ddd5acdc45197979c77c4cc7329392403cde070d5c0',1,1,'RestApi','[]',0,'2020-03-21 16:15:26','2020-03-21 16:15:26','2021-03-21 16:15:26'),('ada7791bd5977fa077e14d81ff92a313ceebf042fa8ab319dcc379c7307ab0f417eb227d1b19fc90',1,1,'RestApi','[]',0,'2020-03-21 09:30:36','2020-03-21 09:30:36','2021-03-21 09:30:36'),('ae579aa28339ffafda8a21e53345977cdba785a465959e64250a6d0699121a1ff15be2ea3ef86fcd',1,1,'RestApi','[]',0,'2020-03-08 13:50:20','2020-03-08 13:50:20','2021-03-08 13:50:20'),('b0bde09cfca8e53fd8d07a2ff0c6ed1a22374b01ef4bdcd0213f3cf67d548478ee3a47c343e09483',1,1,'RestApi','[]',0,'2020-03-08 15:49:40','2020-03-08 15:49:40','2021-03-08 15:49:40'),('b12d9b3a817c1aa717b8688a1bebe2cd36b2fb9939f9bddec6ac19964af56a5fef15ba6aec7b8574',1,1,'RestApi','[]',0,'2020-03-21 09:26:42','2020-03-21 09:26:42','2021-03-21 09:26:42'),('b927fdb37840fdc55d05abd7caf721e3c70ff494c7d87b6fd729a16820a0c646b64cfe8d2591c0bb',1,1,'RestApi','[]',0,'2020-03-21 21:59:15','2020-03-21 21:59:15','2021-03-21 21:59:15'),('bab0f56ea10ce354c68be24446272ea5b5dcd477c0d805d223ee088bdbe19111df62fcbfbf8a3f1b',1,1,'RestApi','[]',0,'2020-03-21 21:15:25','2020-03-21 21:15:25','2021-03-21 21:15:25'),('baf89abc23e0881898d0c1e8a9cf2c5d6e5cb12cd312abf2ec9147701dc2734164b76309383f6187',1,1,'RestApi','[]',0,'2020-03-21 15:20:40','2020-03-21 15:20:40','2021-03-21 15:20:40'),('bb450e29b0ac3c4d692e6a826e6c105e4b66662a959691cb82dac80a1948843b0a716f629c6a295f',1,1,'RestApi','[]',0,'2020-03-21 15:35:04','2020-03-21 15:35:04','2021-03-21 15:35:04'),('bbc3c7f5c19cc8b86618f71fbeba75b0f00dae6782d7f8c540de3d0539ee68e2dc0e6963254f5e27',1,1,'RestApi','[]',0,'2020-03-21 21:44:58','2020-03-21 21:44:58','2021-03-21 21:44:58'),('bc1d67d4f6cbb65cad23de26716e7be26d269502b94e6670b04340b633d367941a9f3ffedbd89cfa',1,1,'RestApi','[]',0,'2020-04-05 06:41:36','2020-04-05 06:41:36','2021-04-05 06:41:36'),('bfc28bd29f5d2c9accb69dcb389770255d484b45ace1179672619c6f3d0fa95245a3584dd7ffd25e',1,1,'RestApi','[]',0,'2020-03-21 15:04:23','2020-03-21 15:04:23','2021-03-21 15:04:23'),('bfec73855db25bb2ddbc83fe1646400ad1de68725e8e58f737155d86f9d1eae56deae30efabfe3d9',1,1,'RestApi','[]',0,'2020-03-21 09:15:13','2020-03-21 09:15:13','2021-03-21 09:15:13'),('c33bed59695c0c3a6cedb3cf47c9b76d112387dbfb82906468f8829045c33b8ca6da8550c0a8cf04',1,1,'RestApi','[]',0,'2020-03-21 13:06:17','2020-03-21 13:06:17','2021-03-21 13:06:17'),('c42ff7bba3c048ee47f6be58b10d7e68d0f8d1b11f023aaf4cc71788c15b1abd6d29b4d23586f10a',1,1,'RestApi','[]',0,'2020-03-15 17:46:42','2020-03-15 17:46:42','2021-03-15 17:46:42'),('c4d5e1da400009cf6fa47167c6f5f2d6481e3065f3b2dabeda574de47d23a9a8b2c726b16a09d4fd',1,1,'RestApi','[]',0,'2020-03-21 14:53:28','2020-03-21 14:53:28','2021-03-21 14:53:28'),('c52e5a982d2b6d2ff42089f35c7dda4602e3f3f2c47ccf50caa4c6968128801c60c333d0efbab6f6',1,1,'RestApi','[]',0,'2020-03-22 00:07:03','2020-03-22 00:07:03','2021-03-22 00:07:03'),('c60030d6fd8ba627fb6e9dfa5e014271799c36000e4f3fac915081b1cea164bfa07fd39a2ebb4b56',1,1,'RestApi','[]',0,'2020-03-21 09:27:07','2020-03-21 09:27:07','2021-03-21 09:27:07'),('c71754a7f0f64de1b0b6621b051fe7dd107fa0bc3b44ee304348fd79bd9db5c7c999d46f6199aa04',1,1,'RestApi','[]',0,'2020-03-21 21:14:08','2020-03-21 21:14:08','2021-03-21 21:14:08'),('c75a98e2ebeb5c0e5d5fb9f90ad032c91e9ce2489072cbb52c43e1cb6b018a51e4d7bb0f005028e8',20,1,'RestApi','[]',0,'2020-04-18 05:06:01','2020-04-18 05:06:01','2021-04-18 05:06:01'),('c9e3c4a5cf5cc5df046bbafdf7b340a43bf762d2bab59819e805b7b18790200de298223ad95026ab',1,1,'RestApi','[]',0,'2020-03-08 12:46:28','2020-03-08 12:46:28','2021-03-08 12:46:28'),('cb47fe5e9ab8998d1d833e339bb6004d0d0214d540e7e58ae3485035c075d8d21207f8af2ed4dc13',1,1,'RestApi','[]',0,'2020-03-21 09:50:43','2020-03-21 09:50:43','2021-03-21 09:50:43'),('cbf18429471fdf4977db70931b22adc15f610af2c373b620d205028c9c8ac8c427631c45085050c7',1,1,'RestApi','[]',0,'2020-03-21 14:12:11','2020-03-21 14:12:11','2021-03-21 14:12:11'),('ccc186e4b5a62ed1a02be76ec1fedefc164a2ca1ca351af3a9902047dd9f3f9602c042ba1d00b479',1,1,'RestApi','[]',0,'2020-04-12 12:13:48','2020-04-12 12:13:48','2021-04-12 12:13:48'),('ce7fad1db6733641283064eaa4deeb848ae8b3d3fb77dbbf11cf050e98d36899d75527bf4238f868',1,1,'RestApi','[]',0,'2020-03-08 16:45:38','2020-03-08 16:45:38','2021-03-08 16:45:38'),('d085de466ce88fa28b474da2fd780745b7a0cc149beda71b0fcc4a6c098cdea4d5d8ae392fcf49e5',1,1,'RestApi','[]',0,'2020-03-21 15:58:46','2020-03-21 15:58:46','2021-03-21 15:58:46'),('d8d70377c7a7f622ebf1be237e548c5de8813bb7c03c4c75b5802e0bfb62f10ba9a9e494e12de37f',1,1,'RestApi','[]',0,'2020-03-08 12:43:57','2020-03-08 12:43:57','2021-03-08 12:43:57'),('d9cbceca3cbc9a562908deb7003912a713092058ff81436be634632c4548ebcb58947acc0c8f482f',1,1,'RestApi','[]',0,'2020-03-21 13:58:17','2020-03-21 13:58:17','2021-03-21 13:58:17'),('daa6d649bca604c85a252a9b3b148bdbb91f885d9ba7813683276b497745c7bdf54345da80cb19ac',1,1,'RestApi','[]',0,'2020-03-21 22:51:21','2020-03-21 22:51:21','2021-03-21 22:51:21'),('db09be98056a5be5eed6dc2f1a123749f09d6d4feb813014cca1b1da58bcc353b95af144e6c9e41d',1,1,'RestApi','[]',0,'2020-03-21 06:27:57','2020-03-21 06:27:57','2021-03-21 06:27:57'),('db2c22c785de919eeaa938ba43023e963dc82e6fad9528650d3ed9a2e59c3b4ee5a58421fa46494e',1,1,'RestApi','[]',0,'2020-04-12 17:27:25','2020-04-12 17:27:25','2021-04-12 17:27:25'),('dc5e4fc047f52ba5098e4130adf1e7e5f2a4c7db477df6d917b1379b2e3b6493b07f89b30fb21ded',1,1,'RestApi','[]',0,'2020-03-21 14:52:13','2020-03-21 14:52:13','2021-03-21 14:52:13'),('e3b0824a6f81c0b6eef01971e37d864c5351c6e90834f75ae4e5c95bf9b215840f10dede58dbad16',1,1,'RestApi','[]',0,'2020-03-21 21:41:40','2020-03-21 21:41:40','2021-03-21 21:41:40'),('e41406a2ebdb31bc40a30821373b5bdbda8e88abd6906e9c65e86860d710c33f3e8292dd98eeae83',1,1,'RestApi','[]',0,'2020-03-22 00:04:08','2020-03-22 00:04:08','2021-03-22 00:04:08'),('e495f6dbe617eace9508b788be55a9e98c33808e5a501badbad1ac0b6338bbe23a87e18bbd329e46',1,1,'RestApi','[]',0,'2020-03-21 14:41:01','2020-03-21 14:41:01','2021-03-21 14:41:01'),('e575bef8f155b4171d4983dc61d77383918245fe5ac3715713dc1253f9d975c396d35a4a3e47e4aa',1,1,'RestApi','[]',0,'2020-03-08 09:37:17','2020-03-08 09:37:17','2021-03-08 09:37:17'),('e5d02919673e5581050e4164ba5d722d07e66017fa4f17cb713ba867936e90329b31b1d3dc564215',1,1,'RestApi','[]',0,'2020-03-21 05:41:18','2020-03-21 05:41:18','2021-03-21 05:41:18'),('e5e4d060bc61d1736ef75edd0e410c68d6e31ca6a8d9f46c37090a973c36c76a9e035a8182995797',1,1,'RestApi','[]',0,'2020-03-08 13:07:26','2020-03-08 13:07:26','2021-03-08 13:07:26'),('e69ffbbe49aba06b90314cc6cc1ad0a93de680b6e71be413b1dd1d7060b0e3cf8611cccad1ebcc7d',1,1,'RestApi','[]',0,'2020-03-21 21:33:14','2020-03-21 21:33:14','2021-03-21 21:33:14'),('e89d994c120d64a4275f07381fff9bf14c1ecc92484bb83870b0f90250e6bbcf0544da7f5562bbb8',23,1,'RestApi','[]',0,'2020-04-18 07:06:45','2020-04-18 07:06:45','2021-04-18 07:06:45'),('e90bd6cdd3dfd1feea67cd5547120b54162bb573e658a220039eb12614669fe38f38fcd2717a1848',1,1,'RestApi','[]',0,'2020-04-05 07:11:32','2020-04-05 07:11:32','2021-04-05 07:11:32'),('ecb650fc9aec68dc3c8449e204b747c535bc4bd59f34092e6a10807a9e2d777de116c576fe18b2aa',1,1,'RestApi','[]',0,'2020-03-21 14:57:20','2020-03-21 14:57:20','2021-03-21 14:57:20'),('ecbf62b8db15ecdccf68fbbab93f2e0d2d0dc43e4be221b5f7756991d2c20a2fa7d448efbba86b2b',1,1,'RestApi','[]',0,'2020-03-08 15:56:22','2020-03-08 15:56:22','2021-03-08 15:56:22'),('ed3b69888ae88391f938fc815f73b122987c1fba4924b32efb8672ca2ca8d969a88a9b0f951b8fec',1,1,'RestApi','[]',0,'2020-03-21 15:40:25','2020-03-21 15:40:25','2021-03-21 15:40:25'),('f06eae7852f569e1fdf2d5c0b154223ef4a0f042b3db1bb51eb44e208597ae96ee1da77736b7cc63',1,1,'RestApi','[]',0,'2020-03-21 20:54:25','2020-03-21 20:54:25','2021-03-21 20:54:25'),('f0acc365a72339398a6ffe6b6088a5c2c7e239381665830da571b57f80d363daa495ddde0f90ba9a',1,1,'RestApi','[]',0,'2020-03-21 13:47:34','2020-03-21 13:47:34','2021-03-21 13:47:34'),('f0e9a26e60cfb71b92686f707688f4fa03959d58ff2a55429d60ac71e25a9a96957a0b9365125654',1,1,'RestApi','[]',0,'2020-03-08 07:43:12','2020-03-08 07:43:12','2021-03-08 07:43:12'),('f1450f5df580e2b739755d2290dffab64dddd057a35398a430da07de947527e496183388b61315b9',1,1,'RestApi','[]',0,'2020-03-21 09:11:36','2020-03-21 09:11:36','2021-03-21 09:11:36'),('f2eb92f3813ad9cb44878cf25a8f6ffa3b53bcf6b54fafc5ef8399f4ad76437a21c41b3a23f32540',1,1,'RestApi','[]',0,'2020-03-22 00:02:08','2020-03-22 00:02:08','2021-03-22 00:02:08'),('f3a80163ef69ed4bde6f5e6dd7d226370b1ea01280d6e0bff95b26d130dba2cdeed4213afa024afb',1,1,'RestApi','[]',0,'2020-03-21 22:20:07','2020-03-21 22:20:07','2021-03-21 22:20:07'),('f4da30762843f57aaafbe047f9c57c4488f5896bcfb03a9c73ac6ad55a4f6134d4de22ca6a12c09f',1,1,'RestApi','[]',0,'2020-03-08 01:12:45','2020-03-08 01:12:45','2021-03-08 01:12:45'),('f51a6f52e903c389fe399311b9113bfe179f67b02999e6be403e46880b773382d737b4cd548e5bb2',1,1,'RestApi','[]',0,'2020-03-21 13:17:53','2020-03-21 13:17:53','2021-03-21 13:17:53'),('f764d7e8b754a3a640531cc241bb39bc986025448bce904aa6a78d809d6b3a6025320ed2fd2de4cb',1,1,'RestApi','[]',0,'2020-04-12 12:13:45','2020-04-12 12:13:45','2021-04-12 12:13:45'),('faddc6a09c8483af96d3e4a8a238a74c4e54491e74b8a3ce3f5e3c36f996122c5117557d110d3b08',1,1,'RestApi','[]',0,'2020-03-21 23:36:04','2020-03-21 23:36:04','2021-03-21 23:36:04'),('fc3460e3284e12db0af98b138aa57e2d645e7520e3a44c0afaad6b71ce8009b9ae54a024c55fb567',1,1,'RestApi','[]',0,'2020-03-21 05:46:32','2020-03-21 05:46:32','2021-03-21 05:46:32'),('fcc7302f1aea25f1827742141c6c1429edcc5f59c80d21bcaf96c654d84de2789f40a44830844f07',1,1,'RestApi','[]',0,'2020-04-12 14:25:33','2020-04-12 14:25:33','2021-04-12 14:25:33'),('ff5c84f06ad3318adaab19cfc67adac3cdff87403e6cc1ef986d42d21e91021b8933af5fa0b1197d',1,1,'RestApi','[]',0,'2020-03-21 15:17:48','2020-03-21 15:17:48','2021-03-21 15:17:48'),('ffce6f9482196091878cb629233bc5958c9abe02837bebc96df48b0d709ced497fb0d8f4dad4171b',1,1,'RestApi','[]',0,'2020-03-08 09:37:42','2020-03-08 09:37:42','2021-03-08 09:37:42');

/*Table structure for table `oauth_auth_codes` */

DROP TABLE IF EXISTS `oauth_auth_codes`;

CREATE TABLE `oauth_auth_codes` (
  `id` varchar(100) COLLATE utf8mb4_unicode_ci NOT NULL,
  `user_id` bigint(20) NOT NULL,
  `client_id` int(10) unsigned NOT NULL,
  `scopes` text COLLATE utf8mb4_unicode_ci DEFAULT NULL,
  `revoked` tinyint(1) NOT NULL,
  `expires_at` datetime DEFAULT NULL,
  PRIMARY KEY (`id`)
) ENGINE=InnoDB DEFAULT CHARSET=utf8mb4 COLLATE=utf8mb4_unicode_ci;

/*Data for the table `oauth_auth_codes` */

/*Table structure for table `oauth_clients` */

DROP TABLE IF EXISTS `oauth_clients`;

CREATE TABLE `oauth_clients` (
  `id` int(10) unsigned NOT NULL AUTO_INCREMENT,
  `user_id` bigint(20) DEFAULT NULL,
  `name` varchar(191) COLLATE utf8mb4_unicode_ci NOT NULL,
  `secret` varchar(100) COLLATE utf8mb4_unicode_ci NOT NULL,
  `redirect` text COLLATE utf8mb4_unicode_ci NOT NULL,
  `personal_access_client` tinyint(1) NOT NULL,
  `password_client` tinyint(1) NOT NULL,
  `revoked` tinyint(1) NOT NULL,
  `created_at` timestamp NULL DEFAULT NULL,
  `updated_at` timestamp NULL DEFAULT NULL,
  PRIMARY KEY (`id`),
  KEY `oauth_clients_user_id_index` (`user_id`)
) ENGINE=InnoDB AUTO_INCREMENT=3 DEFAULT CHARSET=utf8mb4 COLLATE=utf8mb4_unicode_ci;

/*Data for the table `oauth_clients` */

insert  into `oauth_clients`(`id`,`user_id`,`name`,`secret`,`redirect`,`personal_access_client`,`password_client`,`revoked`,`created_at`,`updated_at`) values (1,NULL,'RestApi Personal Access Client','f8ne5P82colPeqcQloi79eXUCRFs3YdBBF88VPmK','http://localhost',1,0,0,'2020-02-22 15:17:11','2020-02-22 15:17:11'),(2,NULL,'RestApi Password Grant Client','4xhcou7l0Tcvsu8tx03AttaWjZJMirHc58mxz4d4','http://localhost',0,1,0,'2020-02-22 15:17:11','2020-02-22 15:17:11');

/*Table structure for table `oauth_personal_access_clients` */

DROP TABLE IF EXISTS `oauth_personal_access_clients`;

CREATE TABLE `oauth_personal_access_clients` (
  `id` int(10) unsigned NOT NULL AUTO_INCREMENT,
  `client_id` int(10) unsigned NOT NULL,
  `created_at` timestamp NULL DEFAULT NULL,
  `updated_at` timestamp NULL DEFAULT NULL,
  PRIMARY KEY (`id`),
  KEY `oauth_personal_access_clients_client_id_index` (`client_id`)
) ENGINE=InnoDB AUTO_INCREMENT=2 DEFAULT CHARSET=utf8mb4 COLLATE=utf8mb4_unicode_ci;

/*Data for the table `oauth_personal_access_clients` */

insert  into `oauth_personal_access_clients`(`id`,`client_id`,`created_at`,`updated_at`) values (1,1,'2020-02-22 15:17:11','2020-02-22 15:17:11');

/*Table structure for table `oauth_refresh_tokens` */

DROP TABLE IF EXISTS `oauth_refresh_tokens`;

CREATE TABLE `oauth_refresh_tokens` (
  `id` varchar(100) COLLATE utf8mb4_unicode_ci NOT NULL,
  `access_token_id` varchar(100) COLLATE utf8mb4_unicode_ci NOT NULL,
  `revoked` tinyint(1) NOT NULL,
  `expires_at` datetime DEFAULT NULL,
  PRIMARY KEY (`id`),
  KEY `oauth_refresh_tokens_access_token_id_index` (`access_token_id`)
) ENGINE=InnoDB DEFAULT CHARSET=utf8mb4 COLLATE=utf8mb4_unicode_ci;

/*Data for the table `oauth_refresh_tokens` */

/*Table structure for table `password_resets` */

DROP TABLE IF EXISTS `password_resets`;

CREATE TABLE `password_resets` (
  `email` varchar(191) COLLATE utf8mb4_unicode_ci NOT NULL,
  `token` varchar(191) COLLATE utf8mb4_unicode_ci NOT NULL,
  `created_at` timestamp NULL DEFAULT NULL,
  KEY `password_resets_email_index` (`email`)
) ENGINE=InnoDB DEFAULT CHARSET=utf8mb4 COLLATE=utf8mb4_unicode_ci;

/*Data for the table `password_resets` */

/*Table structure for table `permissions` */

DROP TABLE IF EXISTS `permissions`;

CREATE TABLE `permissions` (
  `id` int(10) unsigned NOT NULL AUTO_INCREMENT,
  `name` varchar(191) COLLATE utf8mb4_unicode_ci NOT NULL,
  `guard_name` varchar(191) COLLATE utf8mb4_unicode_ci NOT NULL,
  `created_at` timestamp NULL DEFAULT NULL,
  `updated_at` timestamp NULL DEFAULT NULL,
  PRIMARY KEY (`id`)
) ENGINE=InnoDB AUTO_INCREMENT=13 DEFAULT CHARSET=utf8mb4 COLLATE=utf8mb4_unicode_ci;

/*Data for the table `permissions` */

insert  into `permissions`(`id`,`name`,`guard_name`,`created_at`,`updated_at`) values (1,'user-list','api','2020-02-22 15:16:03','2020-02-22 15:16:03'),(2,'user-create','api','2020-02-22 15:16:03','2020-02-22 15:16:03'),(3,'user-edit','api','2020-02-22 15:16:03','2020-02-22 15:16:03'),(4,'user-delete','api','2020-02-22 15:16:03','2020-02-22 15:16:03'),(5,'role-list','api','2020-02-22 15:16:03','2020-02-22 15:16:03'),(6,'role-create','api','2020-02-22 15:16:03','2020-02-22 15:16:03'),(7,'role-edit','api','2020-02-22 15:16:03','2020-02-22 15:16:03'),(8,'role-delete','api','2020-02-22 15:16:03','2020-02-22 15:16:03'),(9,'client-list','api','2020-02-22 15:16:03','2020-02-22 15:16:03'),(10,'client-create','api','2020-02-22 15:16:03','2020-02-22 15:16:03'),(11,'client-edit','api','2020-02-22 15:16:03','2020-02-22 15:16:03'),(12,'client-delete','api','2020-02-22 15:16:03','2020-02-22 15:16:03');

/*Table structure for table `role_has_permissions` */

DROP TABLE IF EXISTS `role_has_permissions`;

CREATE TABLE `role_has_permissions` (
  `permission_id` int(10) unsigned NOT NULL,
  `role_id` int(10) unsigned NOT NULL,
  PRIMARY KEY (`permission_id`,`role_id`),
  KEY `role_has_permissions_role_id_foreign` (`role_id`),
  CONSTRAINT `role_has_permissions_permission_id_foreign` FOREIGN KEY (`permission_id`) REFERENCES `permissions` (`id`) ON DELETE CASCADE,
  CONSTRAINT `role_has_permissions_role_id_foreign` FOREIGN KEY (`role_id`) REFERENCES `roles` (`id`) ON DELETE CASCADE
) ENGINE=InnoDB DEFAULT CHARSET=utf8mb4 COLLATE=utf8mb4_unicode_ci;

/*Data for the table `role_has_permissions` */

insert  into `role_has_permissions`(`permission_id`,`role_id`) values (1,1),(2,1),(3,1),(4,1),(5,1),(6,1),(7,1),(8,1),(9,1),(9,2),(10,1),(10,2),(11,1),(11,2),(12,1),(12,2);

/*Table structure for table `roles` */

DROP TABLE IF EXISTS `roles`;

CREATE TABLE `roles` (
  `id` int(10) unsigned NOT NULL AUTO_INCREMENT,
  `name` varchar(191) COLLATE utf8mb4_unicode_ci NOT NULL,
  `guard_name` varchar(191) COLLATE utf8mb4_unicode_ci NOT NULL,
  `created_at` timestamp NULL DEFAULT NULL,
  `updated_at` timestamp NULL DEFAULT NULL,
  PRIMARY KEY (`id`)
) ENGINE=InnoDB AUTO_INCREMENT=3 DEFAULT CHARSET=utf8mb4 COLLATE=utf8mb4_unicode_ci;

/*Data for the table `roles` */

insert  into `roles`(`id`,`name`,`guard_name`,`created_at`,`updated_at`) values (1,'Admin','api','2020-02-22 15:16:03','2020-02-22 15:16:03'),(2,'User','api','2020-02-22 15:16:03','2020-02-22 15:16:03');

/*Table structure for table `users` */

DROP TABLE IF EXISTS `users`;

CREATE TABLE `users` (
  `id` bigint(20) unsigned NOT NULL AUTO_INCREMENT,
  `userid` varchar(191) COLLATE utf8mb4_unicode_ci NOT NULL,
  `studentcode` varchar(191) COLLATE utf8mb4_unicode_ci NOT NULL,
  `prefixname` varchar(191) COLLATE utf8mb4_unicode_ci DEFAULT NULL,
  `studentname` varchar(191) COLLATE utf8mb4_unicode_ci DEFAULT NULL,
  `studentsurname` varchar(191) COLLATE utf8mb4_unicode_ci DEFAULT NULL,
  `password` varchar(191) COLLATE utf8mb4_unicode_ci NOT NULL,
  `user_verified_at` timestamp NULL DEFAULT NULL,
  `remember_token` varchar(100) COLLATE utf8mb4_unicode_ci DEFAULT NULL,
  `created_at` timestamp NULL DEFAULT NULL,
  `updated_at` timestamp NULL DEFAULT NULL,
  `deleted_at` timestamp NULL DEFAULT NULL,
  PRIMARY KEY (`id`),
  UNIQUE KEY `users_email_unique` (`studentcode`)
) ENGINE=InnoDB AUTO_INCREMENT=24 DEFAULT CHARSET=utf8mb4 COLLATE=utf8mb4_unicode_ci;

/*Data for the table `users` */

insert  into `users`(`id`,`userid`,`studentcode`,`prefixname`,`studentname`,`studentsurname`,`password`,`user_verified_at`,`remember_token`,`created_at`,`updated_at`,`deleted_at`) values (23,'199258','58161819','นางสาว','ภาวิณี','ศรีนวลจันทร์','$2y$10$wAnL2vPWxVnSZHQPiaiSt.fN2kY0ChVR1jhuwyCUx8oEKYcZZhgPC',NULL,NULL,'2020-04-18 07:06:44','2020-04-18 07:06:44',NULL);

/*!40101 SET SQL_MODE=@OLD_SQL_MODE */;
/*!40014 SET FOREIGN_KEY_CHECKS=@OLD_FOREIGN_KEY_CHECKS */;
/*!40014 SET UNIQUE_CHECKS=@OLD_UNIQUE_CHECKS */;
/*!40111 SET SQL_NOTES=@OLD_SQL_NOTES */;
